"V1","V2","V3","V4","V5","V6","V7","V8","V9","V10","V11","V12","V13","V14","V15","V16","V17","V18","V19","V20","V21","V22","V23","V24","V25","V26","V27","V28","V29","V30","V31","V32","V33","V34","V35","V36","V37","V38","V39","V40","V41","V42","V43","V44","V45","V46","V47","V48","V49","V50","V51","V52","V53","V54","V55","V56","V57"
0.0956443540702579,-0.180022511394647,-0.512168834472152,0.748373667986392,0.460506070779071,-1.18440006109783,0.861855810654852,0.405107035650123,-0.310037679187351,0.430830487716181,-1.32217712266962,-1.05424346376922,-0.083738773248321,2.6908392004995,0.851875845743271,-0.624123506696039,-0.398705052314326,0.779431392795205,-0.432698384548062,-1.99939158808968,1.6247909002605,0.674005448890654,-0.805909020556082,-0.779838622846411,-0.348141481243182,1.05493814422191,-0.782531184715613,-0.363932709535688,2.41561359105579,2.16648718283646,1.07517116529436,3.40130472122393,-0.395409945330535,0.00975735812682821,0.0169506236804799,0.626966105893403,2.72920666849191,0.891472676415601,-1.1310521710941,1.8355529510348,-0.294329710738637,0.449475399263732,0.595731735686718,-0.0706185758514081,0.200286922065356,-0.190841488894515,-0.290167366370463,1.3700069325755,2.90456164663639,-0.516976732002891,-0.860354933060535,-0.496558642861483,-0.464816917553702,-0.75774022177623,-0.80544173659471,1.30499108252,-0.424110258385476
-0.30049423756682,-0.853582145854959,-1.08222656192325,0.190911699606766,0.379089681954027,-0.365534802715379,0.410417864622704,1.08826576473708,0.951445901226289,1.28605110190423,-1.80962207836,-0.704759736319454,1.08772115448461,-0.979400368977333,-0.498607475312274,-2.03703752140358,1.10611819084871,0.604023228189841,-1.67828148550076,0.247695757610201,-0.079034275620828,-0.12274565767887,-1.1773191063898,-0.574386449240763,-0.222331635819717,1.47765898347932,0.888234197105647,0.810909513043282,1.74385004238261,0.677135539346447,0.903962616622008,-0.337975723375335,-0.397594282695484,0.705325625541762,0.546892770261434,0.398970153898839,2.76309179372483,-0.629134042101912,-0.794692546129831,0.21126603172429,0.762748603566114,-0.787588361709238,-0.274781411822974,-0.440990797448261,-0.759188989483033,-0.725533894238354,-0.556808266986877,-0.0136323941540842,-0.165170462997176,0.474597447558268,-2.2447431174352,-0.965595047182446,-0.268565354013883,-0.465049495760211,-1.09103729254292,1.16754754654064,-0.692632091391032
-1.03774946325016,-0.73842312143182,-0.106779561941042,0.138704585159875,-0.562347438003758,-0.20325851023635,-0.128240532666291,0.492693998038961,-1.15190798334843,0.0872050863685101,-0.189371849787683,0.151769805963524,0.954572353932292,-0.760371363981953,7.37907122633413,0.330107053371907,-2.66309670793537,-0.664513197218167,-0.873766369259944,1.37022180705891,-2.17181623548086,1.38753766510839,0.0935065554684859,-0.300629320838382,2.4538805164738,0.639705359510133,3.95148430462541,1.09848651702368,-0.215634618339233,0.552044630633551,-1.2877968662976,-1.13483313846615,-0.212358041662541,0.286443708133928,1.11093458033176,0.489297072958091,-1.00119214631952,0.859976991044485,1.82651429027598,-0.152766527551653,1.27338030522257,-1.29514713418478,0.131841899308143,-1.04216509477679,-0.553962795655773,1.57858239297542,-0.714178867560346,-0.28135592489284,-0.214613571174387,0.53424940823351,-0.376522283695258,-0.629131551784791,-0.352405557024917,-0.51489598575717,-0.533498138805306,-0.584504669053806,-0.283295912035111
-0.343672077957849,-0.833452562699179,-0.500712637137185,1.28360322459239,-1.50476649060474,-0.388857509025907,1.23484181187891,0.13420424777321,0.106673615496416,-0.626767852120596,-0.00862423171502513,-0.372052527418338,0.0656792613342564,0.631261776317906,0.138241440047327,-1.69383976262944,0.453885897896508,-0.283032051726637,1.30158509990162,-0.118803997956305,-1.14643054041374,-0.199559494785009,0.127324284359468,-0.457835757862168,-0.538442564973528,-2.45690532199211,-0.832963226782252,0.0378570586547765,-0.297322151727957,0.401265480031568,-1.03740734656782,1.49623585256952,-0.0940402507702054,0.499999978866174,0.202703930712021,-0.0511381546598799,-0.225640730695116,-0.25890283478216,0.136879940331436,-0.35231756338606,-1.00422418884111,-0.386512200081566,0.143406087387262,1.36334465268098,-0.390261658413895,-0.663649867639395,-0.159899021938504,0.165658135597266,0.125473932782177,-0.280302553534691,0.0709369524635948,0.148576778222369,-0.388452977307459,1.55381589980081,1.85155370527428,1.73144348918257,0.467924612678513
0.558119206058783,-0.724082394132024,0.421185492670995,0.286641140146862,0.268523984254981,0.28321550362386,0.958034410418293,-0.815797069262007,-0.438095083542978,1.06331272289244,-1.96587723706489,-0.477222387533813,-0.358929769312961,2.91122316137294,0.225591901819706,-1.74566852519727,0.306572613409335,0.530351305653235,0.108448413924088,-1.29572694029934,-2.26098710308297,-0.390223067258541,-0.173478012876572,-0.160338725462039,1.81023495008146,1.02910593585962,2.13231185879065,0.00759640532496732,-1.28656285525905,-0.581717665215331,-1.55163181029337,-0.122620899160323,1.04621055122137,-1.09871339694934,-0.720649880985503,0.618855485929836,-1.62397783074187,1.81288077086048,0.194124388196792,-0.108874817856205,1.34133540462901,-0.348378150437302,-0.0999925834894288,-1.33444297879815,-0.233369112069104,-0.971630858428832,-0.481458919111267,0.664834575036033,0.0420518878475768,-0.0562874113056468,-1.47920720104315,-0.99115194275805,-0.016085056776912,-0.433580688710459,0.229143322213189,1.38675957538814,-0.0575854351035326
0.600432473883473,0.52034776639137,-0.437484573666842,0.966549335833378,0.426695532251275,-1.26213839879359,-1.25802877753182,0.494062288359536,-0.645630944728347,0.737336333456299,-0.651705829835553,0.669007574359243,-2.49881825640335,-0.402403923744599,-0.234313182453527,0.327888496134511,-0.102500760210606,-0.435802885699492,0.971955949893174,0.037788213758935,-0.491223937563696,-0.636261557953617,-0.0684397156072968,0.477087667723546,-0.22025610359412,0.791706252504863,-0.206847412823443,1.07144539882708,-0.414291375221257,-0.0752275684146252,-1.25138267239245,-0.0561865454180145,0.58241735225681,-0.546527044066681,-2.41176364498052,0.958880343989486,-2.13352443085495,1.76091342124399,-0.655896648207978,0.492248470806912,1.30871109945644,-0.184904574658464,0.2871855158667,0.530192642320183,3.66156621247592,-1.05962591407233,-0.156070653684471,2.1162990949022,1.27214497430066,-1.69947029838147,0.385539567898279,-0.530636977234898,-0.572584744070336,0.333920245873936,1.2983084732776,0.820381888971161,-1.3564852708028
-0.814873152020624,-0.157852595736615,-0.553093341935939,1.71986000985513,-1.90186916194688,-1.83974182747438,1.15005200632979,0.782587543156016,1.22703431880377,1.26001981117058,0.691302797087157,0.213139103311418,-1.58421530484723,1.02276279181269,-0.163684653503681,-1.16449712275769,0.819115245820314,-0.500876606842451,-0.231543640553148,0.75497863716983,-0.700905493336919,-0.740742487298662,0.207028214492378,-0.0255613646421679,-0.355395235112349,0.25813895764232,1.19155732157927,0.32785424355777,-0.912751930999466,-0.333673053377017,-1.46893869587393,0.020393699749039,-0.0597691135222401,0.864127782118705,-0.573051044560831,-0.510769722716542,-0.85207290290208,-0.481090513073234,0.556797306408913,0.402649756875318,-0.860336390826787,0.368179191652528,0.317642841177924,0.0340227118436437,-0.548660336584225,-0.496303742443604,-0.557594486149734,-1.34661445538252,-0.672368361527725,-0.483015396876261,1.0803227501724,0.580171748206823,-0.618338882708223,0.281882926951491,-0.40310082617558,-1.1761145276775,-0.0638568856064644
-0.710109889219878,-0.781038818979076,-0.261718279167762,1.02731073017595,0.735967693918927,-0.507353141204087,1.45187189461053,-0.236776949645499,0.790510073739117,0.554670613237573,-1.03967587089285,-1.92902773078273,0.666299288609187,-0.94459775751041,-0.246429038103589,0.647228271034145,0.275676991205387,-0.00711346021160684,-0.794605777400722,0.371335576115616,0.591565748084167,-0.361721800463536,-0.622455559022511,-0.206549890032796,-0.158011809202418,1.6130790903528,0.562250251985595,-0.224921231007323,0.42197231874168,-0.0286424853988264,0.0578659059527685,-1.67586314593691,-0.769814376252097,0.330568617253493,0.297547193342212,0.252309374598551,0.591578183439839,-0.443351744772594,-0.302356178706295,-0.878196786229042,0.474446338054258,-2.12430857759202,0.234748218606958,-0.827792762567309,0.320405342078765,-0.339714248114549,-0.806190825656354,-1.01752588513587,-0.0103791510511934,0.603706098769987,-0.555524752802948,6.60925466156324,-0.285302027753559,-1.31713661488971,-1.02646324207017,0.417788646197272,-0.280981378543153
-0.623130693053634,-0.700397495005338,0.606907527891844,0.64253044085772,0.424019337630935,0.450480547355907,-0.540666191573589,-0.615755938191104,0.958135080471021,1.76580505062214,-1.37266545112091,0.200823557114158,1.09558522416901,0.893829570388561,-0.78432207131651,0.163082518586867,1.29394368163884,-0.360086310123526,-0.501594287455362,-0.719322947026328,-0.573591172045437,-0.56283926474023,-0.49146650404911,-0.680275549974967,1.53015974890627,0.564337300638569,0.0521036634630851,0.0203130921523985,0.176915801299438,0.217039998419232,0.298995858308237,0.167095183582394,-1.03282571978955,-0.822767618184457,0.134137680864782,-0.213812125966348,0.76947230253496,0.230411828086378,-0.105253118022406,0.119674893712578,0.479230572686931,0.899770752362269,-0.240791746954243,0.215930701985512,0.335216717107406,0.411406244100411,-0.37038361166384,-0.164951861636844,-1.36009290809093,0.147352873630563,-0.404513497798275,0.33065176603868,-0.401826494156999,-1.30027508571175,-0.307441736679242,0.148573483076199,-0.615922350298825
0.271049894184738,-0.14296514792623,1.3994439312705,1.65696990794215,0.289834948154544,0.200147891562839,-0.819553478996834,0.0785037709053712,-1.05513740792842,0.849886038067594,0.483556039980893,1.51686552705083,0.12887854940225,-0.347406318843542,-0.234880273377731,1.3979441737138,-0.8956013220646,-0.0135870480298873,-1.11737177656072,-0.482436906154581,0.304534460339963,-0.699784727643312,1.0730626351012,1.56866063005431,0.116183316153089,1.50391066822797,0.0440389024217897,-0.0601869274209888,0.684029969938076,-0.156875791598991,0.0835789107147461,0.482627438392945,0.855986238077741,-0.427928130097562,0.47832948394834,0.454540415286043,0.386796409440185,2.35474645651678,0.615540795069514,-0.4623030232835,4.36631215359405,-0.48142383460398,0.16509041770727,-1.4685293688076,-0.194320567351493,0.488474474503021,-0.583499974436293,-0.238721325581991,0.14965502792088,-0.378364338890906,0.349649943350934,-0.0967668634716456,-0.646144293752893,-0.523477578794927,-0.467951108073912,-1.12914256435428,-0.266417831797238
1.2253805076389,-1.8621734792073,-2.64590551046832,-0.874629931570199,0.115844648307566,0.354040584841322,-0.357721692232978,0.64156071749188,0.959014732860796,-0.00719676146085733,-2.04542543197974,-0.791848835513951,2.03221158603289,-0.574808422738208,-0.313043395414311,-0.176793912293529,1.85146749217185,0.369648347633575,-0.757639289699652,-0.193045238815574,-0.004828951761789,-1.71820752551048,-0.0984342512035151,-0.462441244461144,-0.262698489737119,1.81356378616282,0.506262766941499,-0.221734411135047,1.0158971504644,-0.0258909871694661,-1.04918581130515,-1.22294836746953,-0.659574603197141,0.296552912467164,-1.78734671851461,0.761327710818233,0.492304902636255,-0.63244972787351,-1.20253085055622,1.19875828708792,0.598597927115595,-0.894353846256418,-0.478438192716641,-0.806341734225683,-0.12893711914299,-0.308277492991676,-0.210185624366783,-0.535587809019849,-0.774920841301523,0.907861590606264,-1.85442595642094,-0.518500313577329,-0.0765246078315492,-0.0920267984981284,0.414409848415382,1.44871815104844,-0.339618768851059
0.201270778125139,1.42194283843512,0.497052835916779,1.71137706046623,-0.0721082170021914,-0.862265183404618,0.949816095393003,0.589341640816166,1.06924698525965,0.52895535855597,-1.01651241579185,0.386962126804826,0.345191989912811,0.730443602740849,-0.116692092144397,0.0958561382526117,0.941092349487461,0.628139478997888,0.04869770592525,1.77150237380351,0.472212035215934,0.129557336128966,0.00213365307014346,-0.151530998029545,-0.352448247596427,2.13881478265446,0.673208563854076,0.254460921613031,-3.05692303371335,0.0313503359887591,-2.58275073476975,0.345804516400609,-1.13099714904477,1.40883819738391,-0.00742019390891663,-0.138735814094254,-1.59200717210517,-0.734284883382396,0.521726309464358,0.111415554334194,-0.132817463079429,-0.458296484412287,0.173194849876529,0.147993038657887,0.857288102570901,0.999575187904377,-0.153451295075617,0.0963497684020279,1.08236045000412,-0.11030940759186,-1.23054460428234,-0.108310213250282,-0.0325769130197833,0.0312398032653014,0.38408572365021,1.13234667399243,-2.19512882467265
0.130374431247874,1.3259509051501,0.099041576468363,0.768420760038707,-0.217817205199072,-0.429943960975538,-1.23575514358955,0.789477873546933,-0.695185674011985,0.0760603698709663,1.87679128057865,1.55645952294644,0.339096572974205,0.379265849176823,0.0476920026740921,0.0226233208112685,0.170944848961143,-0.147916318559557,-0.0387700986362986,-0.0269655726682434,-0.534430417569312,1.99182230615574,0.392390441852229,0.475726140197865,1.4040477146773,1.23388181203996,0.437676639672509,1.21688879158656,-0.0611075771176275,-0.0803748876048196,-0.160514501033014,0.0573820837946677,1.71031247161094,0.414065955229418,0.519616365663837,-0.312974998376791,-0.194120001252405,0.481813170983958,1.81616034476519,-0.939807061035294,-1.029897227986,-0.153945955538423,-0.146516027780673,-0.584234768985609,-0.93456687877686,1.06356281847179,-0.326566278958837,1.19949405134282,0.131671837508159,-0.260748633706557,0.162055651097912,0.533762666294336,-0.247519400959141,0.019810273847376,0.289527453693805,-0.991258802977686,0.530761861295771
0.467350110255503,2.3869316109321,-0.141079323970917,-0.326768915078336,-1.16215167089693,1.02222022394886,-0.151807927845306,0.422325542064656,-0.264324366041891,1.12623629005053,1.45421749362019,0.637930768254855,-1.28834769898676,-0.752831558074342,1.47294824579801,-0.480244363425833,1.5048637991416,0.528582678761231,0.468795956001852,-0.0232322913704497,-1.12712293144238,-0.0464091157421731,0.222469445036228,0.324072468640988,0.974666217694637,-1.10153862663218,-0.542922422906757,1.00259200848444,0.407260122232161,-0.135705126659723,-0.00339269064659468,-0.00242744957783402,-0.472971406150378,-0.542626006092099,0.168046802330946,-0.697395148917734,-0.126243115648392,0.439570152794972,0.941011250992146,-2.12528538319272,-0.651285647692076,-1.43231843519193,0.282283876130398,-0.44329704069027,-0.689238439052489,2.85661397682716,0.0585822457923229,-1.28408050854376,-0.0970162072919711,-0.722339796823656,-0.361058321832448,0.246276444538594,-0.335577722922067,-0.255860582932936,1.18739309782819,-0.445880085023952,1.0653107060451
1.40416850930614,-0.630680337546321,-1.17980812529156,0.274625134621075,-0.702974403155456,-2.31725183342254,-0.633492414608139,1.41139200406381,1.95450547703238,0.144334839486646,1.59099893185388,-0.132195511164733,-1.88436611585117,-1.17416939344826,-0.549658038213393,0.145655080204394,0.880249755436546,-0.194668156736895,-1.23959892174199,0.737880970285545,-0.606720313970196,0.152228140121036,-0.0330612611123989,0.22193575324235,-0.280223683750551,-0.554056460441613,-0.636395797420256,0.328592336358696,0.223896948316495,0.881597498819598,-0.279810792601587,-0.715445452533491,-0.0178943984197215,0.748143572176268,-1.13167413988433,0.373316138194181,-0.0193336969307408,0.350616194197477,-0.347871469823326,2.06691758594683,-0.353737788848468,-0.884418671669857,-0.0793610016857027,0.211540785532493,-0.654069629081898,0.900972101788293,-0.0687092422820164,0.278585164712182,0.530951769765841,-0.629448518728337,1.22657084676254,0.16083353040619,-0.710788100095131,-0.584392667998121,0.398478458873511,-0.787031264555272,-2.45787676004846
-1.00430115110785,-0.462760600405679,0.875452983228354,1.15815252301208,1.13961485768194,0.705650878485675,-1.71353039332393,1.41479173592254,-0.708292162833153,-0.28604020963829,-0.792204652800933,0.427231974177269,-0.217155317449601,0.0699237509074526,-0.371007045926085,-1.7907732321688,0.900059911071075,-1.05084993678596,2.4032583638608,-0.515630070893492,0.459479235575229,1.02286623943009,0.693295173985392,-0.819366199413231,-0.589407882116824,-0.576609828334824,-0.747614990084903,-0.36848929452325,0.343835435326718,-0.417390100548294,0.71016685966548,1.20975215090038,0.100047229203924,0.0522018066540448,0.600537944767971,-0.458435961040726,0.192697422206603,-0.00360414352691579,-0.0665852379528466,-0.128880651662913,-0.872308594248781,2.46233224875698,-0.23035756828263,0.0618358788084873,-0.473775222520777,0.310786041255172,-0.317824992529085,0.33855381234067,0.167029569147874,-0.745153335414905,0.576653744998953,-0.337010478433085,-0.554829977600224,0.0799459168658286,1.16690113902178,-0.309894263387325,0.0966259451923289
-0.380753380918454,-0.662441768140742,0.359993360647174,-0.290538652553721,-0.953417737390212,2.03150195960505,0.669502305596886,0.866648152445936,-0.0977537603451461,0.515582710103361,-1.56487861193843,0.0886283970910032,-0.273960649799385,-0.521719546012998,-0.592147955204778,0.503961703406298,0.330453786163772,-0.17782416731034,-0.835274228217828,0.659888229811746,0.0719038656159515,0.267872084291045,-0.281477838939969,0.0347708316733248,-1.29266594406007,-0.543894725585993,0.276838801996693,0.943391980619319,-0.303597705663456,-1.70288559616739,-0.150274695996419,-1.53954163035004,0.14091795523951,-0.463314488621113,0.501020484422118,-0.218555562389516,-0.115660613464346,-1.25202159187486,0.05823318045965,-1.8864649922444,0.167554995707618,-0.676550258613375,0.104658215236968,0.193815970541506,-0.194207966412482,-0.451689384550761,-0.0979677279065725,-1.22023503614078,-0.645647079681867,0.979784206933497,0.325367336291034,0.560374725257559,-0.59241728948708,-0.918951236614359,-1.17681329589208,-2.25642281091861,0.338198320030033
-1.22622020493048,-0.972073073415847,2.15650190438559,0.101391246383811,-0.0830827739606219,-1.90849129252076,2.44899537771444,1.81820127084504,-0.383587113183967,0.780438341266179,0.434691523932101,1.80632442909842,-0.189941374575193,0.739662917695181,-0.0580998708022089,1.04145561917227,-1.13428589339664,-0.910698928026259,0.642186222501534,0.439300143113363,0.619026372201419,0.67697124020798,-0.109839224608568,0.153035194648673,0.195005602705495,1.81081024822015,0.394197935037871,-0.527646749784795,0.0738619552278793,0.141510241233699,-0.226802953180275,3.03729760931478,1.17330240687034,0.0388384897236716,-0.350723658420864,0.178731828215945,0.222326190819788,-0.0142654551535689,0.367828294152846,0.686089727080278,-0.00837129192170121,0.0408903087674697,-0.0982202910896455,0.559516031874198,2.85117308437669,-0.301678780848071,0.214094993112245,0.554173970249903,-0.514376459826445,0.366042980856869,-0.226006920997155,-0.198797939361129,-0.415288779714757,-0.465992619520137,-0.452595312554672,-0.0602216925894457,0.377803079904989
-0.490664141955819,-1.53129216840997,1.69717797840753,1.61333192137536,0.873228537104046,-0.941966208821896,-1.48949871326158,0.780721280602219,0.446315014758941,-0.209615703581326,-1.05242722732445,-0.574995274464071,-2.56828476731348,-0.734783554496791,-0.174462675715956,-0.684621716675564,-1.40264326820314,-0.146930645408553,-1.04091107608957,0.742917234922937,0.92193573351819,-0.286205617923487,0.476008116558114,0.154354910734176,-0.729807396213697,-0.141588333558966,0.387406232304489,0.0452775334879434,0.502036839157668,0.365022356365332,-0.0925465494613719,-0.916201006274687,-0.358360408966698,-0.310995991777593,0.356156803246968,-0.0580973863469214,0.00798606650914305,0.233971523986696,-0.370742688260028,-0.103321578104611,0.00468769195340005,1.45287524415442,-0.126085547034184,-0.527298483941353,-0.404585222754865,1.51271333012038,-0.044522950817889,0.576686407052953,1.14892548614203,-0.811024119595627,2.05127539210132,0.170641002498458,-0.433233039663072,-0.973843028215743,-0.753741928975542,-1.21428510267798,0.592968903162749
-2.01017762322607,0.440530544697751,1.6300725422175,-0.0981311283648049,0.907007892105795,0.727597082717191,0.374023708008693,-0.152459864486018,1.00485270778634,-0.5794562471996,-0.235956623051247,-0.0250637086640914,0.871346897279013,-1.17502554041172,-0.701516646702058,-0.647254658317035,1.53835232288388,-0.0867573719599695,1.05041421026545,-1.09048658054502,0.510795584779284,-0.635661200713271,-0.764201761715738,-1.13882182185175,-0.77172017583039,-0.316928170429119,-0.58318491621385,-1.28449071930403,0.27715438835962,0.454045817314131,2.15811726985652,-0.946618012387672,-0.953436281083003,0.229997661118171,0.281947770064221,-0.517809944496617,0.0934561717285923,-0.759125424324847,-0.876916561075836,-0.418951257059492,-0.745219309596159,-0.836919711538038,-0.238496548895238,-0.237567254407381,-1.15441759359362,0.773068703412283,-0.146747954789732,0.99702293996326,-0.252196529477827,-0.339075327298354,-0.32229268181436,-0.468558568071697,0.0784612027485068,0.577311509032671,-0.52629488277243,0.085989003324585,0.257403117693374
-0.794656608145381,-0.530803398040528,-0.149614714990074,-0.233343138102501,0.68547647518946,0.785360529581157,-0.176686891034539,-0.226922100106166,0.580966925976258,0.0419567888689009,-0.29839709078658,0.63192501623771,0.576290254721619,0.427447917834038,-0.0694630474485004,0.256091432090884,1.01365567948198,0.468361609906499,2.01239517912297,-0.871870865838841,-0.57898824747183,0.198950287077693,-0.122209645447191,-0.188119222205896,-0.463582911111156,-1.21799425779615,-0.99024349721078,0.573896523180352,-1.30648715809531,-0.495620075644668,-0.688052291860204,0.0741751912358299,1.06190428900639,0.552113580252474,0.220513823458165,0.237229307623103,-0.436426538865535,-0.139216046194969,0.221915238098397,-0.350994768291232,-0.850355238772388,1.08649503279718,0.0310834446431024,0.601008680135616,-0.625560337514869,-0.401423979105112,-0.476296871837895,-3.74336032071264,-2.91279793791655,-0.294122118109895,0.117689231828082,-0.100475494517287,-0.317839441343216,-3.36922775243863,-3.26651435277951,-3.58220893393237,0.348993792928623
0.303433873990526,-0.0783667954939585,0.31295471818836,-0.592487564469264,-0.835460311615348,0.723367439498076,-0.243554139623629,-0.290050642112238,-0.571893870279174,-0.418706400395277,-0.245151488430249,2.14753519131253,0.543032619847712,-0.206775719739858,0.082753719847303,0.350270476557138,-0.389665223948092,0.349655855431377,-0.609486628380216,0.326493434141605,0.782379184039114,1.79448239594083,0.856224090555655,0.334869258587654,-0.853193051821322,-1.23146297773074,-0.314058089589787,-0.375940114005638,1.79386455494381,-0.238049811480687,1.50429420555682,0.407545093386657,0.134185673841019,-0.65228250579815,0.11790304881431,0.0785780202194227,0.056223419588632,0.259233696168848,0.237221562638931,0.274242930320551,0.5722125633901,0.706423631414982,0.0583628454357963,1.26387901422562,-0.662548282699592,-1.71971281576057,-0.00463570979439917,-1.37978367743377,0.489633312825359,0.238763438898013,0.552239578510551,0.898086830848149,-0.246218096766848,1.26762114676098,0.145914573120039,-0.485836371088899,0.990197672416986
1.02123636835722,0.336604739016063,-1.36833796620889,0.248641421897454,1.84818093845639,-0.290555351885771,-0.134452577476103,0.409463335901073,0.320605609951539,0.691247325487258,0.480704528167798,-0.952450436724908,1.21987977978379,0.0428268831968963,0.0938504139853115,0.651933864625726,0.0244509644804085,0.257250056421931,-2.20514990312935,1.0404352583612,-0.0438814704454253,-0.560835134650034,-0.323879344367608,0.18925436548653,-0.590572395219394,-0.220078052107545,1.00483405277148,-0.317078625487386,-1.58334570981912,0.730761222734499,0.900365227981097,-0.146793370027103,-1.53881973232367,-0.45437175102085,0.400880256413359,0.573980717743392,-0.701360529665294,-0.443657260492319,0.376243053219117,-0.254747490663374,1.51955019794081,-0.0140871790409565,-0.0612661318589577,0.416676160784277,-0.724071921254619,-1.23090635207986,0.114154047120933,0.102751695370155,0.544823652285453,0.265999924203654,-0.353250023084478,0.759156556588727,-0.482223613497867,0.69926575426064,-0.503402945803898,1.0556912754662,-0.836531887554207
0.0275954853835576,-0.139798660505055,-0.172056548126101,-0.653811669217185,-0.712310397947511,0.926388190768247,0.0512547243519852,0.164536937614992,0.0522206051595894,0.29797664952051,-0.934889759253179,0.261593891500668,-0.333596447986851,-0.690781302294446,-0.466573212662208,1.10802734379897,-1.04093594026997,-0.75450330338259,-0.7297455243073,0.764167736711279,0.848820500375618,1.30769650881104,-0.58202042285389,-0.162886485940902,-0.664501317500761,-0.707824061069891,0.0311046117259441,-0.583972078457959,-0.43555651356546,0.522966701597333,-0.331745354384857,-0.672737629087832,-1.58336574889409,-1.25391413262711,-1.30544936029896,0.41509394918129,-0.305719101465762,-0.979679764105698,-0.976886316717439,-0.357958359676919,0.254333614662993,-0.384100629705561,-0.216340619699456,0.438487584063003,-0.881003232371294,-0.209312290301255,-0.0647267006431087,0.396431145187941,0.337316754297887,0.0802962280551155,0.552397786962165,-0.0952944621087786,-0.392807827760141,-0.28095662100427,-1.17594743208986,-0.605231437017745,-0.208689306759551
-1.96459717614982,1.94593932369204,0.167642608526588,-0.197511738673134,0.0667663001945741,0.450200339664046,0.903099344589643,0.372282567659565,-0.411993239078803,-0.0736710309308161,0.136631835787277,1.31875677690585,1.7958466896297,-0.977422098324792,0.251082170560579,-0.44090569948281,1.30704692639515,0.766608315389695,-0.22734386058305,1.35556487121399,-0.308269864598804,0.762255831342629,1.24053739870728,1.80315816608108,0.682458879258234,2.03888215868478,0.975210360670319,0.855507168741064,0.254976021072349,-0.927332976126732,0.0667645230695661,-0.234347840809175,-0.520839321099902,0.597512593965264,0.244285644726508,0.260586569908668,-0.435463701839102,0.0796085080827709,0.534551735680003,0.225498375761524,0.127554269275866,0.650255852708417,-0.131266772381666,0.333820443645479,-0.762063373349985,-0.445515756468483,-0.0733127684797865,-0.089803409324434,-0.0866923478973444,0.245461967116885,-0.221984331783308,0.00207726760967376,-0.153125613997447,-0.0814308838670979,-0.478370669998244,0.450985156277266,0.0344581856968255
0.395740378938775,-0.479136419962852,-0.586633979139766,-1.37620496700516,-1.6377826024135,-0.394442941496368,-0.607214232311504,0.136308042968649,-0.149587437278016,-1.45082372581575,1.48365728305264,0.778397275867419,0.604418391020125,-0.00633899734910699,-0.0332917758418539,0.386165286967389,0.854534603803083,0.94104628324207,1.03781657196982,-0.605001690086177,1.02175672713648,0.0329911988851929,0.161567353164218,-0.0538852411551638,0.390738920493334,0.925282110202526,-0.389550458637387,0.677419738724546,0.231697226900885,0.115434193785636,0.0394427672641934,-0.0227957558471294,0.732143875412797,1.43276713674272,0.210521613001072,-0.122141270601122,-0.479794951261608,-0.67263548720126,0.405350567353518,-0.092857156741007,0.00231940955852397,-0.1695606035513,-0.266775945803142,-0.161666078181003,-0.802212809238051,0.94615742193535,-0.185157708574892,-0.739002218705288,-0.56926891940176,0.215602907681741,0.0603192825859367,-0.678860431474771,-0.141683877363437,-0.807069966198182,-0.42305284289801,-0.673177206451211,0.971678603408817
-0.989910030478154,-0.562403894115731,0.781443608816204,-1.18415172954337,0.10398512368931,0.413946953854779,-0.395112089077758,-0.424926794141678,-0.825005004586529,-1.06400601157267,0.228001242953749,1.59595249746536,-1.1085570767554,0.0218410343412524,0.143586881510057,0.00694375661805138,0.0648189420029307,-0.694742502688435,0.689487865281927,0.0825238505780587,-0.409903845986773,2.56348382105023,1.14616790939828,0.81174124545409,0.431195334480812,2.15147011728141,-0.755656209894263,0.54520646200488,0.0216087781613958,0.0775613290651871,-0.327162107274346,0.000473621328231963,1.23185090156006,0.718536692332938,-0.417360764901253,0.339053390474,-0.849535601267446,0.61432791912334,0.844957966943633,0.579013939970932,0.0279664609944631,-0.230342123877458,-0.374747901039901,-0.981716971295632,0.360521275344106,1.51765986200152,-0.548558727517641,0.224610716445109,-0.258967252263754,-0.599398699701332,0.309856589555779,0.0938641491217787,-0.23998124344134,-0.513096178095759,0.0583723617420554,-0.64657949263785,0.465513565558444
-0.189279816886033,-0.303197654545642,-0.00856030106945965,-0.170693284456666,0.119336281060222,0.0969039178670633,-0.443339289676939,-0.56858148066041,-1.08247585742593,0.746443451335767,-0.74899961652432,-1.03564290112377,0.370746341646678,3.69748504690432,0.315243179859696,0.0253696015381198,0.473484495260821,2.27549121746447,-0.885185060726328,-0.290623102271129,0.551326576387082,-1.15540647033173,1.30605848839808,5.05058401534504,0.210964226179111,-1.04128540323526,-0.0691317864056795,-0.425368814874927,0.279207692616505,-1.56024796948428,0.101968880557004,-0.101301892405169,1.35337953072858,-1.27442730673106,0.838534661328445,0.122040863743726,0.515849377440978,-0.0432296125024442,0.189385082510784,-0.860313543977484,0.362379172982656,-0.159653185810935,-0.129330735976278,-0.839671014933935,0.116961249166001,0.294862378538111,-0.676731593812784,-0.218401116686575,-0.121034358052209,-0.346595823962333,-0.930362804064274,-0.404703974803104,-0.272409107409119,-0.867473521264353,-0.752006671275803,-0.905612920409653,-0.365469853463864
-2.05841696395008,0.959034275058736,0.143893388440286,-1.05503612029093,1.14757356478252,0.0713925249512185,-0.00240773407388098,0.365586123980704,0.593927867705681,1.24933203407907,0.718847065946774,1.24847739640172,-1.96602771091407,-0.457630258132643,-0.14009516786866,-1.0243595224302,0.75198802184135,-0.895769666787088,1.59693164976339,-0.0180414013711583,-0.159053621380527,0.130472235035672,-0.136244020696922,-0.44203573960307,-0.174700111415327,1.18135170746424,-0.108397795290316,-0.705017041819073,0.289006062425557,0.0422976754570826,-0.005930328160808,0.945923390209102,-0.0522154924079605,0.572997625095342,0.275900020090715,-0.101134391239622,0.254985191880233,0.374369538676067,0.186245335121784,0.608110620138929,0.395255327829788,0.052579575056674,-0.4130696843282,-0.519190208632229,-0.563594494252221,-0.783479416800715,-0.130661836134913,1.53954311238484,-0.615964522851192,-0.282117689621598,-0.406061960986011,-0.541028424728937,-0.105465051618034,0.422141451755923,0.485589415348741,0.164858220608416,-1.13699055615952
1.28034057594268,0.163295317557366,0.121751070615069,-0.295121267493694,1.19713491095544,0.685351686410021,0.538482537062127,-0.204299849606506,-0.27625926942448,-0.232383400462293,-0.287635446854902,-0.829478709235747,1.08718118135022,0.821637080310114,-0.33990381932853,0.359936488774671,-0.877596061601981,-0.629321063004965,-1.48334697384882,0.268704207916377,1.18478920490534,0.0763525703211692,-0.229933293427673,-0.0814603279955405,-0.355703504782807,-0.600459447197044,-0.0775990657182642,-0.751098724045799,-0.311552726794395,-0.143547675347122,2.20284003473699,0.347920380659934,-0.03093383477208,-0.908125571739387,0.357668406641837,0.043504296716135,0.261870958795679,-0.160254616493949,-0.569878702076515,-0.313560882995859,0.0823262719237537,0.162900971808127,-0.198710444723831,-0.127364006731806,-0.745099957929539,2.33332556524295,3.02282452440483,0.0752231240778553,-0.232672963033157,-0.246213324736373,0.532225349822305,0.406638433170638,-0.283501958711307,4.14044403086215,0.313622425013694,0.0796821220745918,-0.0734234852369716
0.993909466705046,-0.467565922863771,0.00100267626424546,-0.16365429971965,0.468839702942045,0.831411367853583,-0.0126922097132202,-0.734280203668938,0.0301197377256297,-0.554216478573924,1.85598279856076,-0.0225191355090337,2.50134408840721,0.0198858137582037,0.120193510317895,0.170230782291341,0.939083843919863,0.141120218446245,2.74942115454338,-0.190389912679617,-0.5825207640402,0.0963721250212111,0.124644151953752,-0.361815985822977,1.12382677078319,-0.451715515650855,0.570551102602732,0.498285909190133,0.506544857847961,-0.494718883797436,2.31868567255966,0.12966987163023,0.940625524302034,0.139100447830024,1.39762067074387,-0.204887906887291,0.945152384689143,-0.422530094545075,1.45514750858194,-0.183202384169856,-1.28760353602096,-0.82654480644575,-0.219840559921419,0.920012835850843,0.0667174756963347,-1.00441254987395,2.9546515572047,0.042284880169986,-0.45430944166992,-0.179668802570575,0.772110533869677,0.149169010983247,-0.409236420425883,2.1398754705457,0.696294876873024,0.369161329893995,0.119858209321913
0.63018530129316,-0.963356137520807,0.748431828162504,-0.336324004161292,-0.948453084299245,0.703635386358683,-0.430690624860325,-0.394575151774156,-0.832405606629255,-1.06450614762719,-0.985809737209037,-0.176884386094345,0.37864170175614,-0.141346376713189,0.546265708927261,-0.558532713772117,-0.91675759316624,1.90602527918218,-0.755612045551462,-2.02955650054855,-2.92194521779816,0.299445296693297,-1.01902007068584,-0.244795608349128,5.20219281880198,-0.106966289044951,-0.0778372122095288,-0.418944859150972,2.22874476539331,0.0696132452710209,2.0242576521983,0.543859586132767,1.21821322811012,0.0106604140164743,1.23198000199253,0.647839622140065,1.55434045274605,1.6026091686938,-0.232513037902103,0.770029831002418,0.0603689978678159,-1.10889378342825,-0.166405392712149,0.279783592639715,2.3006806254959,-0.474524741207109,4.68805676656372,1.56352345833587,1.15784228832038,-0.824271446465237,0.152007076595572,0.347136619171396,-0.195086441752947,1.1953552733334,0.145083709998576,1.08365912114998,0.637579185420461
0.245717351547687,0.334015378711991,-3.60274706083311,-0.0859044296878612,1.61919023547206,-0.942982474463081,-1.31748106102632,-1.078904907609,-0.157871158743067,0.175491111353471,0.711429374327805,-0.648185906445481,1.38844832800501,-0.600038109651622,-0.216139918932768,-1.18340558685348,1.7335886029918,-1.55557603391537,-0.546966595812362,-0.0581166576720277,0.495802461821685,0.603742799988651,-0.679175704771688,-0.428228106117338,-0.443736856883852,-0.325848280786423,-0.511880451084487,0.450972957810959,1.07079502486501,0.148697565192362,0.404111968600071,-1.55184963421063,-1.34708304287101,-0.665291274670016,0.101809870269833,0.0341187049319055,1.36400588221208,-1.07276314498491,-0.554861843445879,0.578451155790586,-0.0998513061047166,-0.876018780924264,-0.314162467620061,-0.0681336338007954,-0.628476957134162,-1.07807867738083,-0.136122626862707,0.945893975171401,-0.295423009880599,0.070791413209082,-0.600176920137868,-0.794104865225498,0.113601565064832,1.24922646310529,4.47987427441452,0.980436921377404,-0.491216881931131
2.67435155357364,1.33170702936641,0.462120225115503,-0.150898173114859,0.307020251494293,0.574932273586525,0.0269382845552003,-0.499470543267409,0.938136169559233,-2.13220080739946,1.42847715803293,0.866196686766719,1.10376133245929,1.28819392317912,0.312401324781945,0.949486418933811,-1.61903597158735,1.43984244462634,1.1671496061583,-1.19260133441442,1.22982587713751,-0.0534393320750361,0.939566791178368,-0.302229858667162,-0.286075782178673,0.601624299537,-0.181948063679948,-0.889852448777287,1.04352756346614,0.262825123549683,0.508716128926485,0.821306306067524,0.264709999129363,-1.44046314434597,0.811752059243177,-0.145700834590482,1.91082739527312,-0.380315946629825,0.212812934562983,-0.897225268738297,-1.37629658752966,-0.185571920938965,-0.0562095428777195,-0.0312588579401934,-0.264085815751328,0.566916974508094,0.450300982206879,-0.477078026955814,-0.234978149633153,-0.43971297079937,0.748062641316116,0.172948239841589,-0.109591616669301,0.445178328711679,0.489625176723761,0.160023485742012,-0.326329573679189
-0.488925433802077,0.992437814563159,1.73351503197808,-0.646947085028993,-0.313106117826441,2.53782789204897,-0.805551283836897,-0.913330990112598,-1.17336115740374,-1.06120446583148,0.469377611680222,-0.441564709835139,-0.9723418266396,-0.660674119237167,-0.0473539592172871,-0.503288837870878,-0.656765376160711,-0.828737118023505,0.397978760228646,0.997478069435448,-0.137139112031205,-0.573470202961244,0.0357946615686795,0.311671530115871,0.51870879459376,-1.00804281675003,0.365260414737165,0.178642712910439,0.627923296155789,-0.122957540848761,0.356942130500047,0.0203086385912393,-0.590171006231928,-0.287585973833233,0.096318976104807,-0.105220948079313,-0.00873997277113198,0.827025707275023,0.251492955043321,0.505391195274274,-0.907300353209919,0.872098775170299,-0.0907343909636871,0.315281871030602,-0.646897109570371,0.812381550907382,0.429363357593,-0.417997082640519,-0.75300150692076,-0.48405673061729,0.936206246196915,0.214502513616743,-0.53940505380739,0.389322457368513,-0.455480683812283,-1.41218876336332,0.832464792821992
0.354682507114817,0.219211347211261,0.299779283880339,-0.148293195351894,-0.180752164876437,0.419591793988479,0.310840763230579,-1.00314705357821,-0.119539481777268,0.201028941269756,-0.363110779791393,-0.443640177230393,-0.303111731461931,0.10848798222586,-0.341307057260051,-0.936700255304069,0.0752982201129373,0.0482795231108298,-1.24034607398181,0.84106845440572,-0.904307470802755,1.11401802012042,-0.841212759399623,0.224226516720549,0.719826776583702,-1.52179987511315,0.312121579323925,0.0955842954097044,-0.0218387914769859,-0.0613845377135421,1.68375220022213,-0.287914002498645,-0.402957507318263,-0.574018002473595,0.0109667632682878,0.333923111353903,-0.635568560866425,1.04275323166823,-0.208308528998151,2.02523408656297,0.175620159562721,0.262667168924267,-0.331013097249135,-0.136995968198962,-0.703069360194642,0.55422277432784,0.599513124053136,-0.209700468088946,-0.00388862804735057,-0.206354735010431,-0.00790226765414857,-0.130664361920472,-0.123339183538563,1.08232855590766,0.419691809090575,-0.6940597411814,0.565578690417196
0.414825338024278,0.335251214063907,-0.462500701771809,-0.88336163996168,0.653044548353936,-0.102072791905706,-0.705586915097957,0.254943883175845,-0.923630189666857,-0.156055624820204,-0.238539930607729,-1.2272314114067,0.341677208042888,-0.271100014212179,-0.369578173926337,-0.728065445380119,-1.29513187267594,-0.0315948027836551,-1.36579334322935,-0.102597554252473,1.41764813529512,0.452080165354801,-0.627468938365539,-0.564809184381558,-1.36596676332937,0.877108571443323,-0.522692412672511,0.29497608849738,0.0539818192494762,0.368969860911878,-1.03822290949965,0.0512373575869951,0.122219537747522,0.26378472387137,0.22997550605407,-0.0314917253032107,-0.52565359321231,-0.587345610691855,-0.438906545976154,-0.305545740789036,-0.354027373628061,0.109447466217222,-0.376121523654077,-0.0577688166020945,-0.943703774181942,0.777904473456799,0.708535199149198,0.439403588286078,-0.548140151200323,0.179577736150025,-0.141237239472496,-0.178657190954036,0.305750658881044,0.627896908865649,-0.175343276907974,0.116514906870147,0.328578658219976
-0.176358834661318,0.849741389540078,-0.430377817765607,1.45307230879415,-0.0778682332412076,-0.685895488790922,1.24088612919707,-0.595020302570131,-0.877080393570268,0.193086100243647,0.918694084690803,-1.38004989301123,-0.0915733983929633,0.403879191771605,-0.419270571275628,-1.62252322893908,0.412448927026986,0.429936464224768,-0.425198940324231,-0.826241280757386,-1.3457815694542,0.645619118361431,-0.936067411662181,-0.0714419024243398,-0.103782716658881,-2.4198023480888,-1.82024396274719,-0.0240000294301575,-0.475133525591121,0.00273998632530674,-1.52659279233272,-0.319525317693004,-0.223627373142773,-0.225535684457215,0.362155692012398,0.715598000089069,-0.63056678118872,-0.010724544256156,-0.746667428942367,-0.59485659080607,0.264579366797578,0.632836413996342,0.310548288141477,0.118957002853085,-0.0899989644161749,-0.444001661472384,-0.27025250031616,0.39071227603408,0.520814181137786,-0.262139656882719,0.216650656642458,-0.360771413556184,-0.061183428142548,0.438900972271972,0.213259878541704,0.411636991343063,0.392083622222171
0.235401721822935,0.229453489830735,0.765992296049494,0.160910355384345,-0.104800941259484,-0.405833791596142,0.0969996882368453,0.525741087571336,-0.0858656068679214,-0.580330795416709,0.102443742741062,0.760575194727985,-0.656906381135479,-1.28983970013462,-0.18167213519923,0.158086415228867,0.22018520796893,-1.40972197118154,-0.105594088102449,0.682238575617311,1.05705561431455,0.440234424155554,0.507241045249059,-0.370206018958206,-0.487657489718603,1.0111203558472,0.177404409743103,-0.61794020761195,-0.792117305755327,0.376298756638791,-0.113412590173034,0.150218452543369,-0.410352293966302,1.32976776648613,0.473420930065563,0.152558431149178,-0.328429801776101,-0.633557685944156,-0.189114354127932,-0.568361954266877,0.568167365371494,-0.618243794004337,-0.163242159550406,-0.128421192549493,-0.845597448742447,-0.775073055196939,-0.121729505681964,0.461126778351362,1.3675578781097,-0.17928263379152,-0.439622044434325,-0.050407346877426,-0.510954761195952,0.208652926580231,-0.223819678974094,1.66188208297929,-0.791553879069386
0.209499078888401,-0.254112167341762,0.0453428525093655,-0.188799944323555,-0.545383506783318,0.0871743160196108,0.332757792133618,0.378086238739992,-0.305748214007692,-1.39428189908418,0.316365536405846,0.879782396160841,0.0794690162955239,0.339707439668881,0.0423726675425749,0.0072736541260077,0.567317987813731,-0.426758812101096,0.31295608704816,-0.265804860070483,0.0435037100497522,-0.583963719759819,1.31527152188261,-0.478083764412412,0.170198890314991,-0.212363902250955,-0.047350183889064,-0.583698731807941,-1.88880187601081,0.494839846145709,-0.935709659996527,0.057491853647409,0.720660453407416,-0.426009863686688,0.727733981525946,2.18285080219486,-2.02632624589487,0.64963686182408,0.18045255497632,-0.295552192416521,2.01997945748344,-0.449520675354254,-0.0253357006441411,0.264235250512383,-0.786943675035454,0.0876749406249838,0.0327543690420558,0.547650977472549,-0.554256331186334,-0.0237295972874276,0.167512308176677,0.165323892480742,0.0343167229296993,-0.00590341458667304,-0.208783925885275,0.0350189405338002,0.428261590329653
0.933203541467115,-0.164902060107507,0.0484176932607789,0.206276559698723,1.2792798158825,1.23309100080854,0.60726808033902,-0.287348943278816,0.149395043327496,0.698520820198106,-0.697451897718237,-0.0336136347889464,-0.162213065714847,0.565122875992781,0.212650168711201,1.12335107886155,-0.702316280856036,2.66959090051504,0.482401404023609,-2.29004816112725,-0.163246062365879,-0.866243354271112,1.27912530208418,-0.201531545458997,-0.30774042541569,-0.0130560441062878,-1.47962669944433,1.55554976443827,-1.03885120111228,0.424762980669653,-0.81365966639496,-0.153798537028988,0.791705073998579,-1.19306109095345,-0.164688940808076,0.571457727131935,-0.896644244362758,0.775109742736037,-0.298843420273824,-0.00525294800219514,1.94329771380374,-1.33794735963858,-0.0175112676784843,0.795708190296826,-1.21916813493501,0.749157963473481,0.229895623327094,-0.644913634510251,-1.59784320993135,0.509569300169785,1.99548545993077,-0.347493872301019,-0.179761624487833,-0.640582476311313,-0.44761425166803,-0.530638058251736,0.298867410153257
-0.206822047763405,1.61970752699457,0.0784339567478004,-1.2145917968928,-1.26130893534474,0.546227777335874,0.375852651799324,0.17726489006536,0.0827415652045768,-0.670387363653865,0.186281045529365,0.674567930696564,0.0235483537407524,-0.668990029859343,-0.103160098553474,0.699348187028238,-0.067368569419662,-1.66136819948946,0.112418615892026,2.40743220792888,0.802108274598625,-1.07623316310734,-0.185166319783197,1.74369667204544,-0.0264805523448932,-0.800615668703887,1.69549523111977,0.402265223363636,-0.340146464824773,-0.449731946500998,-0.386828077002016,-0.226103420648805,-0.185697922059654,-0.300593084669485,-0.215422296397002,-0.2749961617531,-0.738532629733804,0.0604190902408742,-0.0193503778040767,0.992594862762146,-0.818669555541179,-0.831512280220407,-0.317097009386654,-0.573140735411234,-0.305080467304137,0.257886805808933,0.100832850813369,0.531701225370675,0.653300275918646,-1.01095870486344,-0.0613703795989615,-0.119327395639514,-0.268551676020147,0.42743254441697,0.459919509660055,-0.0662006530727991,1.50434308472532
1.10567270877546,0.576333242932485,-1.45433794755303,-0.497444163839014,0.323830775260239,-0.493735779733471,-1.39430664041233,-0.323547232103304,0.114317413756308,-0.368996476972931,0.0876104264429589,1.20154291717128,0.447933042868088,-1.14963777221006,-0.34457763575651,2.15726672379688,-1.58409334318059,-1.63664316427113,-0.337230577982141,0.905169418777134,1.23156584451089,0.0729378990116898,-0.267884826750171,0.315673771711757,-1.01140793289628,-1.07261910624494,-0.130576451715437,0.978798724265261,1.54064791237771,-0.382888261208875,-0.546809823583131,0.390004305340861,-0.0108805156366167,-1.31359953362149,-0.0504446670649233,-0.0947583832011701,-0.262977357050812,-0.842099589535326,-0.0676655676561881,-0.187757861295381,-0.253884336105961,1.19880703896393,0.015111196857181,0.750001411419634,1.14594159305843,-0.969073226058839,0.1661881784556,0.723426252525221,0.858461378633158,-0.475599075935124,1.26501667862537,0.176383079537929,-0.531393204852496,-0.0295953277001963,0.836730894146439,-0.645581005240613,2.42469416749771
0.525280112722378,2.2569823596031,1.1206711363288,-0.104180130477149,1.24875950108747,0.924598347884552,0.113247789849281,0.722899474415398,0.624354265042723,-0.732273496574554,-1.20902183532787,0.206818030067972,-1.15528052288211,0.0770083226913547,-0.16996057493495,0.436670050196366,-0.675469662639398,1.50845795387134,0.831978323492287,-1.18071190667247,0.212337339999241,-0.0998330306871553,0.78978999339649,-0.100213692160149,-0.52691529868723,-0.73785378269851,-1.15065387274769,1.0844017038036,-0.486652420622432,-0.0439577584385918,-0.157925410014984,-0.59682872028662,0.430246739738658,0.212337899566973,0.68506489182156,1.05171156932537,0.253314779291836,0.620583626092918,-0.368568598686904,0.293713529843835,-0.710292322972241,-0.684299175700232,-0.289825436847814,0.953482344893982,0.262497840120726,-1.09688816880787,0.0354408407363908,1.18764016426798,0.404174602934628,-0.207025192052904,0.976316228191389,0.626271174100525,-0.330593344540682,-0.146155353856231,1.75495866321728,-0.247160612081734,-1.64258448089532
0.889676085822201,-0.38044029128199,0.176528300828755,-0.347511500210321,-1.07233348534993,-0.0348916405929568,-0.101595393640927,1.06908645986026,-0.257686186339737,-1.17859484265213,0.532338350394441,-2.19292619555437,-1.08519856964874,0.93582560582126,0.139128355510785,0.178150995687472,-0.439539877530936,1.56452378136145,0.100245825134913,-1.1131732160739,0.908039995554707,0.639572621656147,1.44497102986689,-0.142772586721795,0.29500114295016,-0.0598781490437927,-0.621695230543145,0.381008782096451,-0.40891530687378,0.520415906136935,-0.283056714747947,-0.857162932291724,0.444798486745372,0.0121190739347406,0.321275391729587,0.2703210477141,-0.18791154033013,-0.283024953052299,0.454804196362497,0.733334194188289,-1.01939681779446,-0.313256607591893,-0.199162682133911,-0.20566976880734,-0.537201499200825,0.566226775706731,-0.346772485911977,0.389339830464554,-0.241465295559174,0.162648633925587,0.328766082517941,-0.0976000362456603,-0.45553639531448,-0.219383426056243,-0.536238722732842,0.322208650954634,0.13699279793054
-0.842675097511107,-0.324095859482345,-0.403654414883177,-0.107362618383892,0.306885068940897,0.399332715491729,-0.305691517540012,-1.58344514096848,0.563161732574825,-0.0115868780972288,0.201508903379329,0.568619095614122,0.03378838266489,-0.336988775853157,-0.353327377951873,2.42730377030148,-0.00178570380455378,-0.53146753113344,0.369890457206751,1.62315607965866,1.63283719159057,-1.65609796503579,-0.465650202204227,-0.0260830090622611,-0.179409917189733,0.310541760093606,0.902856280217109,-0.220064091975244,-0.0113464873735466,0.229606479869664,-0.119303285319639,1.19102271039098,-0.0844544167131488,1.71692518038746,0.142091975766571,-0.494013807965595,0.434720814089032,-1.21357259330652,0.00165388277710487,0.437691089454001,0.032521800616768,-0.0141740190913434,0.0225045800577688,-0.452392746734898,0.0124158929303163,-1.51419621243688,-0.637061116248637,0.516058096166423,0.874907254284351,-0.111410154690423,-0.133689949633636,-0.276462187190716,-0.347632935090502,-0.540162396799711,-0.355069410990121,-0.0920513930168948,0.0834779192946295
-0.114779788485534,-1.35059733727793,0.6008484158725,-1.41118068473225,0.916876568025545,0.691827622625372,0.620396408843898,1.78713787769923,-0.272931613802498,0.699734679842893,0.0704365876885291,-0.547985433130581,0.976975945281066,-0.56872961554363,-0.269121612584074,-0.551310452199003,0.446049965953628,-1.65225611960091,0.0281709659048512,1.51347894441284,0.740270988330012,-1.19548965915408,-0.834401884909808,-0.0291391104498109,-0.298141943318738,0.7963543203242,1.17938618487395,0.0550359528743935,-0.145644332928224,-0.123878524845105,0.626210192733235,0.5380522199302,-0.87155519387806,-0.00234659054257054,-0.440140073390245,-0.278458441959278,0.00987000762367167,-0.451027884158605,-0.345643563429742,0.953614883960065,-0.207920886669956,2.19994237302225,0.0120500123348028,0.389594232393103,-0.972516316512263,0.237951263310394,-0.211677124275294,0.220377622981524,-0.0873246716660309,-0.0411656769422747,0.193901524206761,-0.391165553884169,-0.028327956699716,0.53886852355518,-0.667270415947714,0.882709753900464,-0.303890541120099
0.694454536396663,-1.25102422664071,-1.91275065434924,-0.613025893482265,-0.628774255183508,-0.496776520450896,0.36395824062733,-0.393653011417051,-0.387068567544653,-0.0352910016089254,1.32689118993465,1.29904339284064,-1.08965541977827,0.87685937044573,0.588271209065252,1.22869968870833,1.68812472475419,1.56302057068479,0.384917888052442,0.1914569847703,-0.876506288841964,0.931577759787159,0.267372169454968,0.275419993583932,0.269871088057609,-1.09710744633341,-0.877104184350675,-2.0260135539462,-0.844965291041184,0.443180689327431,0.16150064597904,0.389032935073234,0.528944375192012,1.37143176813666,-1.99771519642384,0.178067349602045,0.75976967458841,-0.310392187917149,0.980321087132289,-0.205255334069406,0.0984333850536437,-0.137655279992734,-0.336858888610319,0.204083059463771,-0.283016670141904,-0.2232166203313,0.371261092684644,-1.48649655337811,0.449913020118611,-1.04503115652859,0.540399658358919,-0.525263539707674,-0.635097723536287,0.569163830351315,-0.799523887820751,-1.11098162703846,-0.0952639507832215
0.764787269210983,1.03054997711278,0.023114327084982,0.248809861679104,1.23127815247258,-1.28113383861673,0.448058277125563,0.957859758982402,1.51746105571413,1.66719285001296,2.14091625241824,-0.831762662991073,-0.570286000188325,-1.15184710454163,-0.273658148362214,-0.0747993662170313,0.434850251544982,-0.250038153393978,-0.276954205634416,-0.681461647513576,0.692047772148442,-0.316533495704935,0.284475143070697,-0.201591861965763,-0.326815253897809,-0.878223405552127,-0.427837956246267,-0.265712249034701,0.242668255775706,0.510717146587937,0.429757678080064,-0.224467888978455,-0.413521378787652,-0.510899961122819,1.22201300941081,0.797830832897949,1.33663301838571,3.58017481372517,-0.186894701440665,0.0851853299085129,0.612467269933153,-0.0789595225699486,0.928613211813766,-0.650729508066591,0.44554112921317,1.37039639798053,-0.520319269973935,0.0853145836815448,0.329860052737598,-0.501653534857161,0.176419126372266,-0.294153894084665,-1.05526880331245,-0.426651694436456,-0.42560427284681,-0.66997112828136,1.17574609184459
-0.0206686398862477,1.96523283087909,0.526137110057851,-0.429108737847848,-1.43027027409403,0.604678472322167,-0.0734088170836224,-0.528164591666109,-1.47717609992021,0.301288898931873,1.0728817878749,1.11223388816341,-1.11783170820116,-0.435132193865096,-0.140968497636984,-0.032758499042752,-0.576751074482529,-0.203379626875233,0.859231042325379,0.575547827131137,-0.74294060443881,1.63465979558991,-0.271403981320347,0.091952231218996,0.0097033552443731,-0.316287214997139,-0.0868338436407169,-2.59234275476238,0.849366600991521,0.0578828794141561,0.397525538445208,0.330364182736826,-0.162466550215528,0.236551523706008,-2.63859853976421,-0.206025605535001,0.235160894479429,0.226526448912363,0.373793690053563,-0.351837126946221,0.444474487644028,-0.429643431728301,-0.41069336640605,-0.387275939475641,0.729503251895743,-0.384902608962024,-0.335396216894753,-1.22429531672835,-1.04044097266343,0.888899798267956,-0.558604740154768,-0.0202786505316204,-0.409891636615364,-0.670838826633751,0.274714660634815,-1.36300102691104,-0.211200345470403
-0.221660992132495,0.186381308569131,0.999937214938772,-0.0599407322631084,-1.78675246204697,-1.02964184502432,0.445393439955675,0.470745293149083,-0.0993561577385267,-0.422699654543317,0.694412886365652,-0.0496191882239225,-1.1060352705184,-0.941604397007474,-0.16239388918433,1.41819016902299,-1.22480211246198,-0.419445907889228,-0.0740859158319575,0.887157985459251,0.885401510084636,-1.34151307452951,-0.0280181378660157,-0.312749984673866,0.335851848821329,-0.155050868370834,0.391753257396812,0.443433780671202,0.23241151683443,-0.110008530187813,1.01327107452379,-0.506301680129424,0.0526831561359014,-0.174091619467746,-0.210419510965322,0.62448868546584,1.07292981006807,0.283435245755134,-0.227116050668513,0.790321429082489,0.455029474001696,0.127783154362043,0.201562133810914,1.19658290396857,0.348708592660562,0.233688916660838,0.0847092461529754,0.577700129603711,0.202029582794768,1.16846808569717,0.910534059860185,0.153743370533706,1.17533444530139,0.563492135355522,0.270829798192037,-0.0583068679649782,0.599032026353693
0.689413964673667,-1.70552532835198,-1.02349138614471,0.189635150211788,0.79746988838995,0.00293426219181692,0.152387930520496,-0.508835126025541,2.33515059264274,1.4792254506785,-1.2235050423565,-0.62063104672645,1.5502557792505,0.88433511395405,-0.224189464775914,0.833852597158314,0.517231810874839,-0.920280342024464,-0.171851018489366,-0.0108902588090699,0.102352640463537,-0.613385836477247,-1.00606582360424,-0.505338876764582,-0.526496435691324,-0.0649521982453971,-0.486193268159296,1.5056655154361,1.46865198151021,-0.189431613960294,0.696754575629221,-0.0535965499842922,-0.578522107795944,0.951224043758916,0.252339060636987,-0.458111736601598,0.806045279264186,-0.549095975292614,-0.103052708711179,0.396675360577604,-0.567903391594873,-0.184020026964097,0.299458033552839,-0.269600692522203,2.12543081279426,-1.63880762782586,-0.563577210288688,0.0413777913346323,0.208283743484334,-0.109103211762272,0.869575968175668,0.10720280126518,-0.0324390421938026,-0.517777906042519,-0.226005848847956,1.05346227366425,2.93407410873174
-0.980149128344373,0.678102523343481,-0.495392507935324,-0.433183165677093,0.0447083061144796,-0.733798016732408,-0.0077247822288457,0.973051079060967,-0.734910013663934,-0.626086418493381,-0.0349398961179242,-1.01330769538312,0.287911291067262,0.492231579159031,0.291179978707918,-0.346591794996959,-0.984809794432215,0.562478529519255,-0.329298556101877,-0.409618901650686,0.418024426501301,-0.300930932502168,0.631289858541674,-0.529603523532041,-0.377681482112296,-0.423165582180827,-0.400100704074518,0.142629103762298,-1.74872699748864,0.246296325038375,-0.845675106515419,0.127181020283847,-0.201407117279248,-0.33018798638669,0.260310418060842,0.334400471470129,-0.0354107924009341,-0.971970714644329,0.120752587215632,0.613837641075342,-0.413803325797877,0.174608637879741,0.245170105949694,1.44229499447695,0.644320420977809,-0.0320848266214741,0.19084591657822,-0.171504188276411,1.63901604878147,-0.162448354126816,0.214823455292907,0.1824774275323,4.823900102971,1.36065359395611,0.674934457710138,1.72026591896416,-0.112165244486216
-0.378601672746566,-0.246602584050094,-0.10079940342556,0.461818367012521,0.274758651857966,0.0315467689397895,-0.364160129279778,-0.625003754763144,-1.17253022070041,-2.13122515457716,0.884076968844959,-0.293824532725053,0.34712928140932,0.37281417406974,-0.0395714314724515,0.796259265740802,-1.03930811270178,0.969066784107886,-0.596786903870413,-0.898118591955082,0.317884620912206,-2.08185232407802,0.785091849744725,-0.0840944534954948,-0.338514709496165,-0.312898937084163,-0.514737873631112,0.312036661435058,-1.23182558094577,0.14516961940506,0.0488854788726408,0.259378564535101,0.5353471524314,0.584212089041238,0.403730788805325,0.153754188787947,-1.25491207930383,-0.421419264028798,0.200686566304051,-0.878892128835069,-0.611435434850657,-0.0066014090610975,-0.0669459142347289,0.0531066680068656,-0.63411289519979,1.03221780801679,-0.597482934819096,-0.20024585032512,0.24908078974997,4.89528014605834,-0.641394750882425,-0.53293798487163,-0.408673311631188,0.583319598431383,0.14009806535581,0.30416839527542,0.159979791073802
0.683766713271639,-0.581842020681516,0.515798347962356,-0.0802559989348788,-0.0982006830412234,-0.406584764784921,-0.456475329000895,1.53516745606125,-0.66730167060631,-0.711695061898573,-0.0291376724562092,0.170106271371566,-1.6540787765315,-0.652682250550651,-0.403581462076824,-0.629982525185674,-0.653706714882765,-1.30571773787163,0.0105992547853465,-0.00869168140588812,0.245255910802716,-2.11194018355416,-1.16328447626827,0.1070500194937,-0.441856419899547,-1.17241584933625,-0.554127011765074,-0.127819039121252,-0.413672098126237,-0.21697868434644,-0.746862061447733,0.211545244145624,-0.571965201676687,-1.35937034509471,0.415733052428858,-0.173069109934572,-0.0137677541264534,0.29787659033308,-0.214424602353083,-0.663579929376275,-0.114206433726599,-0.923306744604686,0.0754634427481521,1.07168088910121,0.838715162651885,0.277512800693486,0.310148586951561,1.5960238099431,0.83301791973796,-0.873855078565189,1.12574836324315,0.856567894707099,-0.568471083523147,0.798155449075528,0.995905508062294,0.90569512014662,1.73840780380296
-0.638457136158273,0.549917106429477,-0.142488400872792,-0.802380683402487,0.640070804898821,0.426517881809683,0.781342552257459,-0.711068068680348,0.596228086738137,0.67828616012534,0.21326882120602,-0.0942037930490599,1.59595683507886,-0.302920411238515,-0.280922039513579,-1.22908587752083,0.949340186248961,1.18347684669816,1.14680660392137,-0.995222472750063,-1.25505383693157,1.2899483795324,0.105554792944487,-0.401022118204298,0.0723509467023624,0.509611996758043,-0.0431494560650776,0.614056626964746,-1.09231669497242,0.145329547401083,-1.23403153093605,-0.453049702386147,0.86652070765946,0.706909665975435,0.947265090290227,-0.270421236643215,-1.9997939056567,-0.168280570333358,0.379769192136093,-1.96078038127968,-0.885759782824007,0.338656278813822,0.43240849121925,-0.0106669215729025,0.614372382843914,-0.0458910784495085,-0.311591399366578,0.200186642117319,-0.379162197195375,0.307580081946904,-0.424116291517278,-0.332614373024362,0.358178915910065,-0.396324623952279,-0.508523346881933,0.814485532517317,0.463085480251781
-1.09500115277028,-1.0347627396768,0.0059557145144955,-0.714427882019672,-0.20020698079188,-0.573909682589452,-1.26907157358051,0.269075050364237,0.789105582355032,1.09809807856491,-0.141631391090915,0.118844634469492,0.359766554663433,-1.22533745566563,-0.256682089516782,0.598910087206989,0.902173099817116,-1.49974152028902,-0.390452336396967,-1.04738000290066,-1.94243841213779,0.0613980787692296,-3.35134030338223,-1.12439328587205,0.192518853567476,0.822724395627189,-0.461007627956779,-2.63962920619538,1.14079339608566,-1.0379263396016,1.27237641305613,-1.47451561850416,-0.954870896097707,1.06897590816464,-2.65183531707419,-5.12395556120919,0.424398707316131,-0.599992484111087,-0.166060749795855,1.19913899294473,0.911947922765067,0.750945087563238,0.229263260360014,-1.21402620072333,-0.179271684991281,0.598366659826087,-0.657262182671642,-0.0990004702805316,0.620121342796616,0.147985012698082,-0.774656489539808,-0.677644510315753,3.22172489107752,-0.932855768330186,0.489681456290516,0.498219115502897,-1.72225313827498
0.0063313762040457,0.140042720369993,-0.371563962194819,-0.62954713296144,0.318720524783132,0.91455514744773,-0.0295381951995189,-0.280778753395667,-0.53779863946494,-0.450517974724492,-0.179998064122554,0.138256840962836,0.142347199916785,-0.884121385287387,-0.372807719231333,0.375136603465053,0.635382869704946,0.0940713243009552,-0.0488984765667548,0.432884034894825,-1.2328351359696,1.10622168809248,-0.550913517754133,0.0864768221341239,-0.160866393259663,0.19091557850869,0.161571370340153,-1.14295210051213,0.851061258771145,-0.19055358699689,1.50680540080801,0.731184324677391,0.155760795535909,0.359810746229694,-2.62448099461429,-0.463401519923734,-0.827671649620721,-0.0843225099897106,-0.363611912271978,0.409935353701815,-0.848066344017765,0.0522233717476468,-0.359463368485238,-0.534725259573208,-0.535095948966018,-1.2662520749242,-0.441850367131254,-1.13457842503747,-1.47419837525648,0.138448569158265,-0.70574421117881,-0.2535077950763,-0.0619451411137397,-0.304771674177671,-0.0787896915868151,-0.164589257391604,0.627932656773534
-0.714857442522585,2.10370196651164,0.246728455519818,0.554649222410211,-1.34932299799828,-0.582974415271832,0.0539086166526904,-0.338782365332004,0.300300909184653,-0.715938447339859,-0.645191956591011,-1.45004846278834,-0.943500631562329,-0.163645825034342,-0.383002825394322,0.577204759259787,-1.67155626932262,-0.436894810396861,-0.348983871344456,-0.110458644907064,0.00468821770908689,-0.461027267929481,-0.19069740285395,-0.29355862830633,-0.720037071671518,-0.703112802958924,-0.25025397646161,0.0483385034311094,-0.284262674732109,-0.574366361760167,-1.20069876497622,-0.622727985109208,0.353973337244626,-0.361112292584663,-0.284765259604832,-0.165260040540032,-0.19691292004139,-0.621100165832261,-0.687033661473606,0.634984530771653,-1.32471013671094,0.274177244241597,0.277138126358178,-0.452110717494199,1.16771568068372,-1.40889051083959,-0.601509006094651,0.165999563120569,-0.630387974150979,0.0930763465341695,-1.038655098245,-0.84838264702817,2.89606336305608,0.442062668811932,0.827446421527692,0.476931420906909,-1.06489926930251
0.28257325048648,-1.29811951988721,0.489631998802511,-0.84593586154233,-0.101687713182518,0.516619358269194,0.0542992980003385,0.0758368880954011,0.118579266742637,0.841937181466559,-0.836069822701209,-0.0532733975797187,0.103023101552207,0.312347679442706,-0.0719445741985646,1.55244614175889,-0.585261369108043,0.218261468053765,0.392602704476271,-1.0306500917622,1.7369834178049,-0.798590431441861,1.98471073991709,-0.759931024192736,-0.710375726079166,0.770820659207912,-1.10484239857745,-0.315388320368643,-0.165207881256941,-0.20912297114073,0.7244178913909,-0.138472636910264,-0.0163208523832444,-0.212376239955099,-0.689410438954796,-3.45434811664953,1.3410868907477,-2.26544981746616,-0.566405312655765,0.0634858149317973,-1.51574403944969,0.539915845954737,0.0149401620907303,0.348495708648959,0.326525326260897,-0.303052930773979,-0.0507056282372046,-0.244636810147242,-0.0141703185799567,0.494467925022839,0.213595896876759,-0.0828421738843517,0.856531119100808,-0.33603139560668,-0.109544216345545,0.882264712791712,0.0796668776839402
-0.223853929034137,-0.497653481374576,-0.353591328567786,-0.561166352313179,0.128569598173483,0.602985946781311,-0.494248928860148,-0.506652920450391,0.35173659591582,-0.47447606761783,-0.581726160750849,-1.45690149998147,1.53886356839372,-0.0874792609266302,-0.435442460518521,0.630574996759458,0.969033559744439,0.367896830510228,-0.580187345459865,-0.576459506127898,-0.123546720725359,-0.403455726879285,0.234554204277108,-0.756178489360042,-0.546437735973249,-0.0595841120661934,-0.325730887083072,-0.0980076472512712,0.234719525106063,-0.162268901933888,-1.33237446234187,0.24760369413728,-1.01503312638598,0.648588336109818,0.732888671312211,0.433279397657806,0.302370596294197,-0.336161625245404,-0.404230112108152,-0.661326498697255,-0.457149094558467,2.02940137446178,0.450291679469485,-0.599193147520187,-0.0656983747302367,0.0907969112321749,-0.483977461718312,-0.932205447672534,-0.288724840686545,0.252685044203319,-1.6240007746612,-0.667454777083212,-0.557556551295451,0.140509767291236,-0.549893952346852,0.827009809485267,0.129578019205327
-0.0603121398825189,0.0827928639900589,0.405788038720226,0.0192695473023568,1.12084863152568,0.00200265978373837,0.236174970015395,-1.31188975550993,0.732741936686209,-0.0781872086463248,0.565980869787198,-0.743066771100025,0.470496355887965,-0.286329787208144,-0.208732744914822,1.02435208328893,-0.154158432037463,-1.1676967771105,-0.113614170373244,0.141544269019817,0.184766433493703,-1.34791867709493,-0.174431003751168,0.595918357864567,-0.690228643394146,-1.52908605427051,-0.681220668890868,0.245208389096419,-0.0315991671429076,0.314765365358855,-0.718842443821054,-0.279573414149431,-0.0418983103822512,-0.0163397782076288,0.646896636131286,-0.157229780165195,0.205582595156874,-0.939680721981603,-0.21972865405195,-0.581034336612826,0.500191096117478,-0.904446109709612,0.326815835872987,-1.01708262994873,-0.109478119152616,1.14409665498155,-0.579850200080641,-0.583538269433175,0.617131064756436,-0.176618303504614,-0.53853492897159,-0.0378812341611522,1.72669170990892,0.03342137615129,0.0413402469674713,0.254806207561678,0.183573881229046
0.901854011409426,-0.953273682373634,0.921873266883862,-0.345662134161129,-1.23065952961353,0.658696260152146,-0.203488956529161,-1.30632667682426,-0.389193615639454,-0.337476287217009,-0.0886475111387836,0.22011415934089,1.09185766433801,1.29247224932193,-0.0508891348706475,0.29502414978961,-0.404615526930926,1.28273928109956,1.60279508942367,-1.10217688203163,-0.176047933809876,1.23602285536489,0.394210377411496,0.131121389893569,1.15507194339098,-0.763903202708598,-0.602437235749418,0.922919893101029,0.321798635757918,-0.276774802026578,-0.657426384854695,0.400715592937043,1.25213470996687,-0.387340956595166,1.0999664754856,0.345253227998427,0.201559593844007,0.269876373269195,0.124843498956567,0.554168973983442,-0.527256229624695,0.648722722710542,0.367461160370088,0.60685544008696,0.181943800962898,0.116552674709172,0.117162342930026,-0.122995760488158,0.192722074544936,0.195112565969986,-0.532982765872297,-0.0908003245385721,1.48685537346285,0.0581388259047,0.244515343320256,0.29839019365772,0.140518851229321
-0.0120585019950371,-0.108134193699554,-1.88685030210916,-0.0356057267986094,-0.74005537647081,-1.41885681438297,-1.60005044031459,-1.84371653287285,-0.264586383929153,-0.628072183339808,0.282778848054072,-0.315413689141256,-0.944562472781684,-0.219865007988716,-0.372795638344629,-1.90009448620404,-0.353351828236837,0.0801895455509777,0.149840620048973,-0.111181288241791,-1.48078406686232,0.263339390958592,-1.3874101127746,-0.112772916042127,-0.388984460319977,-1.72831521064265,-0.178931899588569,-0.985447187776895,-2.2651565679016,-0.0136441792843391,-0.326873138351646,-0.47668475057444,0.537435864956326,-0.17427278539087,0.0901460798123407,-0.182009214548576,-1.88852968161087,0.839190209446683,-0.107513780930896,0.438838402845607,-0.562084067954758,0.262947748358659,0.311124996279216,-1.06381378792051,0.221447129024248,0.024289851254319,-0.471775199801512,-0.821427503843262,-0.639656761670249,-0.367670231451571,-1.30689165463286,-0.423658585912306,-0.00792783929281068,-0.484040052320767,0.0869349267410466,-1.3159708705787,-0.607620563787692
-0.831618701284959,0.0417534083171847,1.62667459247248,-0.8329956008111,-0.194647869437925,0.0405221521450752,0.696624436312695,-1.25102050849634,-0.321892771075219,0.00140265953142032,-0.300641292482431,0.252715943490925,-1.39706557354363,-0.356346981805219,-0.117095457315869,-1.90540233667556,-1.85542503144659,-0.69834823080352,-0.639278883742609,1.39233473117788,-0.370690951972704,1.19111652073595,1.42602688107798,0.251733990467207,0.0274619230183577,-0.783248999065809,0.641261806438874,-0.153498623043709,-0.0269738658328404,-0.147408941805147,0.71054084105169,-0.34385097454647,0.340553173659254,-0.851931040852385,1.03645603738409,-0.0124889745293975,0.0268440978544495,0.101062355594411,-0.28937755325723,-0.863267448768205,-0.318808958289214,0.548113892851925,0.310629859057415,2.05248388559463,1.00904986134118,-0.720181677208191,0.952952380935144,0.225559979324258,-0.189917529528948,2.67413275331172,0.720292600885474,-0.230160536170988,0.276499500093887,-0.716925937951688,0.0762352173949391,0.180896361887903,-1.69229501108595
0.466336016977215,0.919834247755172,-0.811681294834885,2.2808187525612,-0.362206682394611,-0.662040512242459,0.410383866987372,-0.719770030512755,0.260710716622996,-0.407726572290047,1.03963605279426,-0.727859232548056,-0.240836101250781,-0.832213656905788,-0.352812163505967,-0.468855412592831,-1.27874078102221,-0.0611754079586922,0.931066405614599,0.137179327809339,0.132362788732222,-0.948486755865767,1.64051963113026,-0.0871069639946737,-0.555177191921298,-0.053060115716594,-0.0440653887383344,0.0891923988170683,0.381307824446769,0.0932034531582001,-0.0464289482844597,-0.362389579137594,-0.992121709633958,-0.698487941542982,-0.468019597555094,0.144241711774985,0.561800877770027,-1.1006718851382,-0.0798470849837619,-0.756479825477676,-0.00428819348005605,1.7329756618073,0.105186195641289,-0.261166526703352,1.97269909855032,-1.61691287394284,-0.0349637764493244,-0.262173082126212,-0.747822978349984,-0.290875950626337,-0.586684237212422,-0.27020989200626,0.0310449767024634,-1.65703416275469,-1.62445722625544,-2.40278164821264,-1.53563932430669
0.261748396027208,-1.03477447146461,0.0451691511036664,-0.0945352600863743,0.103941899226123,0.0688537416733893,0.532857909237728,-1.58065405869615,-0.394594983705212,-0.396279684102079,0.45643170653004,-0.463704135749861,-0.700756453533831,0.883714450520399,-0.203249657978123,-0.276842882037959,0.292895750152576,0.124268371864791,-0.332997361258003,0.782605334638862,0.996893270064169,-0.300843992190273,-2.18800204391556,-0.558536482173245,-0.247529436494534,1.36414009162831,0.713793673665783,-0.805510188592025,-0.0523412449322376,-0.520650843395469,0.538014263536873,0.19334341105876,-0.323064162152277,0.889720253761991,-0.439561699395677,-0.458107040212329,0.466163764295541,-0.00778919680678328,-0.280814655216562,-1.54025598895804,-0.218639516555321,0.724977180652516,0.0842012054897745,0.392355613503306,-0.288515826683159,-0.19026529150396,-0.256082035903618,-0.24168343708023,-0.425541582691801,-0.464847759253626,1.06659356516384,0.543733883675763,0.491444596164063,-0.151842663703132,-0.305737666503097,0.991281235566259,-0.27028502164436
